{"test accuracy": 0.51344495180111616, "train accuracy": 0.5382016512153498}