{"test accuracy": 0.51925649185923162, "train accuracy": 0.54273326876066597}